title	threadId	url	posts
Spectrum outage or service down? Current problems and outages	6415993398	https://disq.us/?url=https%3A%2F%2Fistheservicedown.com%2Fproblems%2Fcharter-communications&key=vCW9wE8nOeAgUSPx6PvpbQ	32306
Comcast outage or service down? Current problems and outages	6415720475	https://disq.us/?url=https%3A%2F%2Fistheservicedown.com%2Fproblems%2Fcomcast-xfinity&key=--aVMV1QiC-2xWPGMNIlgg	13579
AT&T outage or service down? Current problems and outages	6415743380	https://disq.us/?url=https%3A%2F%2Fistheservicedown.com%2Fproblems%2Fatt&key=IrQpoLhsebZPyo3DwEzLzA	12729
USPS down? Current outages and problems	6416022038	https://disq.us/?url=https%3A%2F%2Fistheservicedown.com%2Fproblems%2Fusps&key=F_4H3Jo7SdC79MbY-_qw9g	12092
Verizon outage or service down? Current problems and outages	6415991558	https://disq.us/?url=https%3A%2F%2Fistheservicedown.com%2Fproblems%2Fverizon&key=jetBtas9Q2Fwd2cFefceXw	9094
CenturyLink outage or service down? Current problems and outages	6416002346	https://disq.us/?url=https%3A%2F%2Fistheservicedown.com%2Fproblems%2Fcenturylink&key=syv5b40F0HmnMay2mZexBw	4884
Cox Communications outage or service down? Current problems and outages	6416003088	https://disq.us/?url=https%3A%2F%2Fistheservicedown.com%2Fproblems%2Fcox-communications&key=um4VJUMY4d_PhTfPtYlHTQ	4858
Optimum / Cablevision outage or service down? Current problems and outages	6415997951	https://disq.us/?url=https%3A%2F%2Fistheservicedown.com%2Fproblems%2Foptimum-cablevision&key=Yq2GwtXMMgpWfjUmAWwczg	3444
Mediacom outage or service down? Current problems and outages	6415992608	https://disq.us/?url=https%3A%2F%2Fistheservicedown.com%2Fproblems%2Fmediacom&key=--jqbvnx4284iuPtkLV16w	3015
Suddenlink outage or service down? Current problems and outages	6415997980	https://disq.us/?url=https%3A%2F%2Fistheservicedown.com%2Fproblems%2Fsuddenlink&key=WhjyF97RR2AynTjRfhburg	2969
T-Mobile outage or service down? Current problems and outages	6415997717	https://disq.us/?url=https%3A%2F%2Fistheservicedown.com%2Fproblems%2Ft-mobile&key=GWP2Zs_G1MlAnpjrPT9xeg	2871
Sprint outage or service down? Current problems and outages	6416011840	https://disq.us/?url=https%3A%2F%2Fistheservicedown.com%2Fproblems%2Fsprint&key=Kw9L4dUaoNWRtPA0QCZ9mg	2726
Frontier outage or service down? Current problems and outages	6415995121	https://disq.us/?url=https%3A%2F%2Fistheservicedown.com%2Fproblems%2Ffrontier&key=ro8AORIuWv4VxSX0wUMt0w	2409
MetroPCS outage or service down? Current problems and outages	6416190954	https://disq.us/?url=https%3A%2F%2Fistheservicedown.com%2Fproblems%2Fmetropcs&key=2-amtzytc6-_Z4iaTmY8zQ	2099
Hulu down or not working? Problems, status and outages	6416146978	https://disq.us/?url=https%3A%2F%2Fistheservicedown.com%2Fproblems%2Fhulu&key=FiimRezW18UAgR2-AjGNSQ	1565
Call of Duty down? Current status, problems and outages	6415999282	https://disq.us/?url=https%3A%2F%2Fistheservicedown.com%2Fproblems%2Fcall-of-duty&key=x-M7bjzs2JV8InkYyu1__g	1306
Youtube down or not working? Problems, status and outages	6417488981	https://disq.us/?url=https%3A%2F%2Fistheservicedown.com%2Fproblems%2Fyoutube&key=6exgZXE6IiYo7rK9Dt2uIA	1148
WOW (WideOpenWest Networks) outage or service down? Current problems and outages	6416060894	https://disq.us/?url=https%3A%2F%2Fistheservicedown.com%2Fproblems%2Fwideopenwest-networks&key=Mke-KJgMO2T_jrtKC9vwRQ	1096
Facebook down? Current status and problems	6417060123	https://disq.us/?url=https%3A%2F%2Fistheservicedown.com%2Fproblems%2Ffacebook&key=xkUMpD9r8A614gdOi1m_fQ	1002
DirecTV outage or service down? Current problems and outages	6415999242	https://disq.us/?url=https%3A%2F%2Fistheservicedown.com%2Fproblems%2Fdirectv&key=g8Ahka-yYV__zR0n_1M1RQ	956
Apex Legends down? Current status, problems and outages	7210451393	https://disq.us/?url=https%3A%2F%2Fistheservicedown.com%2Fproblems%2Fapex-legends&key=yJ0jdp2uhYGnA1jxnwsbyg	803
Duke Energy down? Current problems and outages	6416404927	https://disq.us/?url=https%3A%2F%2Fistheservicedown.com%2Fproblems%2Fduke-energy&key=uYJ95kbyKWlILhaG1cm3kA	731
The Division down? Current status, problems and outages 	6416141863	https://disq.us/?url=https%3A%2F%2Fistheservicedown.com%2Fproblems%2Ftom-clancys-the-division&key=oioW_TuoweMXPHpjz04OoA	704
Windstream outage or service down? Current problems and outages 	6416193210	https://disq.us/?url=https%3A%2F%2Fistheservicedown.com%2Fproblems%2Fwindstream&key=fus5XeWI8ymvmNBlhOKskg	694
AOL outage or service down? Current problems and outages	6416282702	https://disq.us/?url=https%3A%2F%2Fistheservicedown.com%2Fproblems%2Faol-america-online&key=s-MI3_NEzaSgbtVGtULQ4g	684
Battlefield 1 down? Current status, problems and outages	6416344032	https://disq.us/?url=https%3A%2F%2Fistheservicedown.com%2Fproblems%2Fbattlefield-one&key=TIBlRbo3gH9oAcKAgssQTw	602
Roblox down? Current status, problems and outages	6416324523	https://disq.us/?url=https%3A%2F%2Fistheservicedown.com%2Fproblems%2Froblox&key=ViKOD1xutxLTbD7dVcX4Kw	515
Cricket Wireless outage or service down? Current problems and outages	6415999150	https://disq.us/?url=https%3A%2F%2Fistheservicedown.com%2Fproblems%2Fcricket-wireless&key=W8QMNYyh2CzW1rkSXps2bw	498
RCN outage or service down? Current problems and outages	6416272133	https://disq.us/?url=https%3A%2F%2Fistheservicedown.com%2Fproblems%2Frcn&key=OJxMZqVyIZTbRVw3JtvlrQ	475
Xbox Live down? Current status, problems and outages	6416006962	https://disq.us/?url=https%3A%2F%2Fistheservicedown.com%2Fproblems%2Fxbox-live&key=wfL9_Ya-Hke8_3Irr2UWQg	453
Fortnite down? Current status, problems and outages	6416126314	https://disq.us/?url=https%3A%2F%2Fistheservicedown.com%2Fproblems%2Ffortnite&key=2aKhwRmp46giv8lNVn4XRw	441
Instagram down or not working? Current app problems and status	6416077438	https://disq.us/?url=https%3A%2F%2Fistheservicedown.com%2Fproblems%2Finstagram&key=NZZ0zNN1gj1bAZWTpTMK3Q	432
Star Wars Battlefront 2 down? Current status, problems and outages	6415997986	https://disq.us/?url=https%3A%2F%2Fistheservicedown.com%2Fproblems%2Fstar-wars-battlefront&key=8nqeNrsHb5Tj8UQsDRAXsw	393
Sling Television down or not working? Problems, status and outages	6416199503	https://disq.us/?url=https%3A%2F%2Fistheservicedown.com%2Fproblems%2Fsling&key=41zldAuLIBnphkt4dfdgOg	382
Telegram down or not working? Current app problems and status	6416184027	https://disq.us/?url=https%3A%2F%2Fistheservicedown.com%2Fproblems%2Fea-games-electronic-arts&key=7NN7kRaIkQOqTItuBJJ2jQ	370
Google Fi outage or service down? Current problems and outages	7176051267	https://disq.us/?url=https%3A%2F%2Fistheservicedown.com%2Fproblems%2Fgoogle-fi&key=TbK86RMRVvA3vjpSIfgFkg	369
FedEx down? Current outages and problems	6417944947	https://disq.us/?url=https%3A%2F%2Fistheservicedown.com%2Fproblems%2Ffedex&key=a2gyBjRBj9mUAvINgDHCTg	335
Paypal down? Current status and problems	6416385637	https://disq.us/?url=https%3A%2F%2Fistheservicedown.com%2Fproblems%2Fpaypal&key=P9yUr0dhAS5zHD3e2n00Zg	319
Pok√©mon GO down or not working? Current app problems and status	6416310249	https://disq.us/?url=https%3A%2F%2Fistheservicedown.com%2Fproblems%2Fpokemon-go&key=etj0ig7b1Avs8f-vkd_TjA	311
Amazon Prime Instant Video down or not working? Problems, status and outages	6416010059	https://disq.us/?url=https%3A%2F%2Fistheservicedown.com%2Fproblems%2Famazon-prime-instant-video&key=BTk49901ol3O3fGaDFGang	295
Dish Network outage or service down? Current problems and outages	6416164235	https://disq.us/?url=https%3A%2F%2Fistheservicedown.com%2Fproblems%2Fdish-network&key=Z_J3pFtREzH-rzwhwnddCQ	286
UPS down? Current outages and problems	6420559285	https://disq.us/?url=https%3A%2F%2Fistheservicedown.com%2Fproblems%2Fups&key=kJq1Nq86byH2d-2WHt8b5A	243
Verizon Fios Outage: Current Problems and Outages	7597326427	https://disq.us/?url=https%3A%2F%2Fistheservicedown.com%2Fproblems%2Fverizon-fios&key=vMcEa7xp9U42i3w8kwt6OQ	227
Cable One outage or service down? Current problems and outages	6416466655	https://disq.us/?url=https%3A%2F%2Fistheservicedown.com%2Fproblems%2Fcable-one&key=sjhP4JGR2dLM6-wj1gzAXA	226
Rainbow Six: Siege down? Current status, problems and outages	6416094197	https://disq.us/?url=https%3A%2F%2Fistheservicedown.com%2Fproblems%2Ftom-clancy-rainbow-six-siege&key=8Yfi6vC-wlEkWydPvbP_zA	206
Ghost Recon: Wildlands down? Current status, problems and outages	6416159813	https://disq.us/?url=https%3A%2F%2Fistheservicedown.com%2Fproblems%2Ftom-clancy-ghost-recon&key=EsaOHTVRYRrAUX8N9fIzWw	196
Yahoo! Mail down? Current status and problems	6416010118	https://disq.us/?url=https%3A%2F%2Fistheservicedown.com%2Fproblems%2Fyahoo-mail&key=_oBKif2QvtNhTIp0kR66cw	195
Playstation Network (PSN) down? Current status, problems and outages	6416025537	https://disq.us/?url=https%3A%2F%2Fistheservicedown.com%2Fproblems%2Fplaystation-network-psn&key=7zhDKgyFMofckhzpNPT-jg	193
Atlantic Broadband outage or service down? Current problems and outages	6416340964	https://disq.us/?url=https%3A%2F%2Fistheservicedown.com%2Fproblems%2Fatlantic-broadband&key=a3AZRME9r-n3Gc5VwlQg-A	192
Wave Broadband outage or service down? Current problems and outages	7179434596	https://disq.us/?url=https%3A%2F%2Fistheservicedown.com%2Fproblems%2Fwave-broadband&key=Fo8Dtoen89QCtfZmzqyBfA	173
Snapchat down or not working? Current app problems and status	6416357415	https://disq.us/?url=https%3A%2F%2Fistheservicedown.com%2Fproblems%2Fsnapchat&key=feHDKiyaFVzRlnu19r52cw	165
Discord down or not working? Current app problems and status	6416339794	https://disq.us/?url=https%3A%2F%2Fistheservicedown.com%2Fproblems%2Fdiscord&key=ah2OnJBBc5IGd4jnbkat6Q	137
C Spire outage or service down? Current problems and outages	6861359476	https://disq.us/?url=https%3A%2F%2Fistheservicedown.com%2Fproblems%2Fc-spire-wireless&key=kelXKmrO9ulHZ6v1GfvaGw	134
U.S. Cellular outage or service down? Current problems and outages	6861350020	https://disq.us/?url=https%3A%2F%2Fistheservicedown.com%2Fproblems%2Fus-cellular&key=XQAv89EecJXRe-NnrSR2Cw	131
Destiny 2 down? Current status, problems and outages	6416180670	https://disq.us/?url=https%3A%2F%2Fistheservicedown.com%2Fproblems%2Fdestiny&key=gJUdBOcBz2EkWjmHcNjthA	130
Anthem down? Current status, problems and outages	7191763130	https://disq.us/?url=https%3A%2F%2Fistheservicedown.com%2Fproblems%2Fanthem-game&key=gSwCX5Y3LtrROjL88KiWMw	130
Origin down? Current status, problems and outages - Is The Service Down?	6416517908	https://disq.us/?url=https%3A%2F%2Fistheservicedown.com%2Fproblems%2Forigin-ea&key=EIgEIP_fNBOtx1x2KtlyGA	126
Binance down? Current status and problems	6416078658	https://disq.us/?url=https%3A%2F%2Fistheservicedown.com%2Fproblems%2Fbinance&key=Wpf6_i5IRFAGkYxHnyrDOQ	125
Counter Strike (CS:GO) down? Current status, problems and outages	6425268926	https://disq.us/?url=https%3A%2F%2Fistheservicedown.com%2Fproblems%2Fcounter-strike-csgo&key=lerG71394LgzUqA6c0IVzg	123
Minecraft down? Current status, problems and outages	6418785268	https://disq.us/?url=https%3A%2F%2Fistheservicedown.com%2Fproblems%2Fminecraft&key=8HlWF9diPMFEYaUpvz4vQw	118
2K Games down? Current status, problems and outages	6416184527	https://disq.us/?url=https%3A%2F%2Fistheservicedown.com%2Fproblems%2F2k&key=hYC4aRaundsatZGNrjaJdw	110
GoDaddy down? Current status and problems	6424428719	https://disq.us/?url=https%3A%2F%2Fistheservicedown.com%2Fproblems%2Fgodaddy&key=oMGVOvd5iGkJ4rw3slb6tg	109
Crunchyroll down or not working? Problems, status and outages	6416124412	https://disq.us/?url=https%3A%2F%2Fistheservicedown.com%2Fproblems%2Fcrunchyroll&key=MFT_asxoc1Ic8BsGYv2aAQ	107
Tinder down or not working? Current app problems and status	6416040717	https://disq.us/?url=https%3A%2F%2Fistheservicedown.com%2Fproblems%2Ftinder&key=bXjaN3xKnvwqPSPXSCD1QA	106
Florida Power & Light down? Current problems and outages	6416011642	https://disq.us/?url=https%3A%2F%2Fistheservicedown.com%2Fproblems%2Fflorida-power-and-light&key=AvqQEX1GcUP1mlPweqOxcw	105
Amazon down? Current status and problems	6416320070	https://disq.us/?url=https%3A%2F%2Fistheservicedown.com%2Fproblems%2Famazon&key=qsa8voke7shu498QsANc6A	102
Ubisoft Uplay down? Current status, problems and outages	6416280196	https://disq.us/?url=https%3A%2F%2Fistheservicedown.com%2Fproblems%2Fuplay-ubisoft&key=g-a-OQRadliCffRk8MnMJw	88
Google Fiber outage or service down? Current problems and outages	6416074374	https://disq.us/?url=https%3A%2F%2Fistheservicedown.com%2Fproblems%2Fgoogle-fiber&key=6zl-GQeyHXeBoqySXetFXg	83
Friday The 13th: The Game down? Current status, problems and outages	6416492788	https://disq.us/?url=https%3A%2F%2Fistheservicedown.com%2Fproblems%2Ffriday-the-13th-game&key=2P1Xr_wz-wy4cRMiLiEFlg	82
Twitter down? Current status and problems	6625918368	https://disq.us/?url=https%3A%2F%2Fistheservicedown.com%2Fproblems%2Ftwitter&key=RxhZHCjjKBH7YiFV4e-_WQ	70
Southern California Edison outage or service down? Current problems and outages	7176015487	https://disq.us/?url=https%3A%2F%2Fistheservicedown.com%2Fproblems%2Fsce-southern-california-edison&key=CLqeKEt5k0yw-DrSyKVWYw	68
Waze down or not working? Current app problems and status	6643018859	https://disq.us/?url=https%3A%2F%2Fistheservicedown.com%2Fproblems%2Fwaze&key=fiaYivLdqrLx-eULSVqyZg	67
Consolidated Communications Outage: Current Problems and Outages	7963872725	https://disq.us/?url=https%3A%2F%2Fistheservicedown.com%2Fproblems%2Fconsolidated-communications&key=MVEJ0D82RxKcFjx8AwB9pw	62
GTA 5 down? Current status, problems and outages	6417872049	https://disq.us/?url=https%3A%2F%2Fistheservicedown.com%2Fproblems%2Fgta-v-grand-theft-auto-v&key=8Ww9PBTYfC5iTJ8k9FSzZg	60
Netflix down or not working? Problems, status and outages	6416200021	https://disq.us/?url=https%3A%2F%2Fistheservicedown.com%2Fproblems%2Fnetflix&key=BCbaTMMwEt5lk18WN3dIYQ	59
PG&E down? Current problems and outages	7172960083	https://disq.us/?url=https%3A%2F%2Fistheservicedown.com%2Fproblems%2Fpg-and-e&key=VKdsxRmlFfD_6co_bRbW2A	59
Facebook Messenger down or not working? Current app problems and status	6416739270	https://disq.us/?url=https%3A%2F%2Fistheservicedown.com%2Fproblems%2Ffacebook-messenger&key=q9xBgSJxVMRcxGK-4tPNVA	58
USAA down? Current status and problems	7336540308	https://disq.us/?url=https%3A%2F%2Fistheservicedown.com%2Fproblems%2Fusaa&key=AabQ2jeYnlXaIhWS5P0D7A	57
Roku down or not working? Problems, status and outages	7177206597	https://disq.us/?url=https%3A%2F%2Fistheservicedown.com%2Fproblems%2Froku&key=p8odBVRNNZw5aCNn8G6j8w	55
Smite down? Current status, problems and outages	6416611846	https://disq.us/?url=https%3A%2F%2Fistheservicedown.com%2Fproblems%2Fsmite&key=G-NJE4aJ0A8lpu690f3J_w	54
The Elder Scrolls Online down? Current status, problems and outages	6416733089	https://disq.us/?url=https%3A%2F%2Fistheservicedown.com%2Fproblems%2Fthe-elder-scrolls-online&key=p4lodFQZA9I7-W2gRBg4ZA	53
Coinbase down? Current status and problems	6416291315	https://disq.us/?url=https%3A%2F%2Fistheservicedown.com%2Fproblems%2Fcoinbase&key=_ogpXdgP0g-ajAsEv0dZMQ	52
Steam down? Current status, problems and outages	6418460787	https://disq.us/?url=https%3A%2F%2Fistheservicedown.com%2Fproblems%2Fsteam&key=FeZE7JFiTm3nSilrfPIR8Q	51
Buckeye Broadband outage or service down? Current problems and outages	7177189434	https://disq.us/?url=https%3A%2F%2Fistheservicedown.com%2Fproblems%2Fbuckeye-broadband&key=oEbQEm_YtHbxnNtqs4Q9zA	51
Gmail down? Current status and problems	6416649022	https://disq.us/?url=https%3A%2F%2Fistheservicedown.com%2Fproblems%2Fgmail&key=9QLMLEqrQzPSw8ZUPIEtFg	50
Twitch down or not working? Problems, status and outages	6415994861	https://disq.us/?url=https%3A%2F%2Fistheservicedown.com%2Fproblems%2Ftwitch&key=ItX7aGWmrJYqg55f0FqOhQ	49
Level 3 outage or service down? Current problems and outages	6416422888	https://disq.us/?url=https%3A%2F%2Fistheservicedown.com%2Fproblems%2Flevel-3-communications&key=kuOlUjVInjEKgcdiIqDwyw	49
eBay down? Current status and problems	6417468604	https://disq.us/?url=https%3A%2F%2Fistheservicedown.com%2Fproblems%2Febay&key=2orZ5i6oj9VEZW9_zCqoiw	47
Nintendo Switch down? Current status, problems and outages	6418418581	https://disq.us/?url=https%3A%2F%2Fistheservicedown.com%2Fproblems%2Fnintendo-switch&key=gyUtB0oAELWWWM392R6sSg	45
H1Z1 down? Current status, problems and outages	6419517409	https://disq.us/?url=https%3A%2F%2Fistheservicedown.com%2Fproblems%2Fh1z1&key=AqNjMp_UBU1TzHjrKmFqiQ	43
GDAX down? Current status and problems	6416075923	https://disq.us/?url=https%3A%2F%2Fistheservicedown.com%2Fproblems%2Fgdax&key=sK1zNO5Z-6S_C12Qa9FS5A	42
Fallout 76 down? Current status, problems and outages	7013063808	https://disq.us/?url=https%3A%2F%2Fistheservicedown.com%2Fproblems%2Ffallout-76&key=Mq_Lunhghn_OOkpQ8pR2mw	42
Boost Mobile Outage: Current Problems and Outages	8065211633	https://disq.us/?url=https%3A%2F%2Fistheservicedown.com%2Fproblems%2Fboost-mobile&key=PCVgNerO7ArMdY_QTeSQZQ	42
Candy Crush down or not working? Current app problems and status	6418207975	https://disq.us/?url=https%3A%2F%2Fistheservicedown.com%2Fproblems%2Fcandy-crush-saga&key=uB9e8LObD2TMsqg2wy89QA	41
Grande Communications outage or service down? Current problems and outages	7179434287	https://disq.us/?url=https%3A%2F%2Fistheservicedown.com%2Fproblems%2Fgrande-communications&key=Q3GMPxHo-C4O-d_zlsswng	39
Outlook.com down? Current status and problems	6416092188	https://disq.us/?url=https%3A%2F%2Fistheservicedown.com%2Fproblems%2Foutlook-hotmail&key=yKR8poRXZBHi304rOQDlBA	38
Valorant down? Current status, problems and outages	7964282079	https://disq.us/?url=https%3A%2F%2Fistheservicedown.com%2Fproblems%2Fvalorant&key=sNHJFTuWtSSgCZRNKyvjNQ	37
Gears of War down? Current status, problems and outages	6416392846	https://disq.us/?url=https%3A%2F%2Fistheservicedown.com%2Fproblems%2Fgears-of-war&key=LSoEE65pj_4xVoEL5a6dLQ	36
Cash App down? Current status and problems	8039773364	https://disq.us/?url=https%3A%2F%2Fistheservicedown.com%2Fproblems%2Fcashapp&key=3uky1rPv-u0APIU7LWjCTA	34
Hawaiian Telcom outage or service down? Current problems and outages	6416026132	https://disq.us/?url=https%3A%2F%2Fistheservicedown.com%2Fproblems%2Fhawaiian-telcom&key=Qd-zxNnXGsJ28TbqCxvyxA	32
Craigslist down? Current status and problems	6417614997	https://disq.us/?url=https%3A%2F%2Fistheservicedown.com%2Fproblems%2Fcraigslist&key=upNITiKS3iL6twx4W7O4QA	27
Warframe down? Current status, problems and outages	6416655041	https://disq.us/?url=https%3A%2F%2Fistheservicedown.com%2Fproblems%2Fwarframe&key=6KNkkD_jhIKAZQoZqbQI0w	26
Boingo outage or service down? Current problems and outages	7176028380	https://disq.us/?url=https%3A%2F%2Fistheservicedown.com%2Fproblems%2Fboingo&key=jEc1du0pIglXtaaZJFspww	26
HBO Go down or not working? Problems, status and outages	6416008468	https://disq.us/?url=https%3A%2F%2Fistheservicedown.com%2Fproblems%2Fhbo-go&key=Wk5SLrIl7zK0w0LVyGxvCA	25
For Honor down? Current status, problems and outages	6417528669	https://disq.us/?url=https%3A%2F%2Fistheservicedown.com%2Fproblems%2Ffor-honor&key=oO9jwO_JFQIooeCxhWAeNA	25
Path of Exile down? Current status, problems and outages	6417950412	https://disq.us/?url=https%3A%2F%2Fistheservicedown.com%2Fproblems%2Fpath-of-exile&key=FzriqJb6ko2IaXXujXpdpA	24
Overwatch down? Current status, problems and outages	6416372496	https://disq.us/?url=https%3A%2F%2Fistheservicedown.com%2Fproblems%2Foverwatch-game&key=HjBM0vUgLvZumjg_gys3qQ	23
Office 365 down? Current status and problems	6416590120	https://disq.us/?url=https%3A%2F%2Fistheservicedown.com%2Fproblems%2Foffice-365&key=_QDB-q_VGIxamXAZNLswQg	23
Sea of Thieves down? Current status, problems and outages	6580838080	https://disq.us/?url=https%3A%2F%2Fistheservicedown.com%2Fproblems%2Fsea-of-thieves-game&key=DCS_HxMKrsca3eWMcIC7LA	23
Paladins down? Current status, problems and outages	6416393018	https://disq.us/?url=https%3A%2F%2Fistheservicedown.com%2Fproblems%2Fpaladins&key=aTGyM7oFIBS5cKq8Ds44Ig	22
WhatsApp down or not working? Current app problems and status	6416015985	https://disq.us/?url=https%3A%2F%2Fistheservicedown.com%2Fproblems%2Fwhatsapp-messenger&key=ka0VDYd-uyMPfwgSVjt2RA	21
Halo down? Current status, problems and outages	6416384732	https://disq.us/?url=https%3A%2F%2Fistheservicedown.com%2Fproblems%2Fhalo-game&key=VzWQ0_tYlMBieoV_5nSRDw	21
FIFA down? Current status, problems and outages	6417476510	https://disq.us/?url=https%3A%2F%2Fistheservicedown.com%2Fproblems%2Ffifa-ea-sports&key=O1GDHVCticrDWQozAUVbAw	21
TD Ameritrade down? Current status and problems	8011639962	https://disq.us/?url=https%3A%2F%2Fistheservicedown.com%2Fproblems%2Ftd-ameritrade&key=bJh1EFDukL_L1DCl_ICl7Q	21
State Farm down? Current status and problems	7336540311	https://disq.us/?url=https%3A%2F%2Fistheservicedown.com%2Fproblems%2Fstate-farm&key=G2TwHbOQ4f7NIZKQS-PRrQ	17
Telegram down or not working? Current app problems and status	6416247221	https://disq.us/?url=https%3A%2F%2Fistheservicedown.com%2Fproblems%2Ftelegram&key=7ZnPVSDz5MgyX4o22e9ZoA	16
Namecheap down? Current status and problems	6418170563	https://disq.us/?url=https%3A%2F%2Fistheservicedown.com%2Fproblems%2Fnamecheap&key=ujCsWVHh0rRO8JJR0RWXeA	16
Reddit down? Current status and problems	6418703012	https://disq.us/?url=https%3A%2F%2Fistheservicedown.com%2Fproblems%2Freddit&key=DNhyocpa6x1ENTDROV9ZCw	16
League of Legends down? Current status, problems and outages	6422570757	https://disq.us/?url=https%3A%2F%2Fistheservicedown.com%2Fproblems%2Fleague-of-legends&key=ecuQDa76rVAAmyvlr6_BfQ	16
Diablo down? Current status, problems and outages	6416645595	https://disq.us/?url=https%3A%2F%2Fistheservicedown.com%2Fproblems%2Fdiablo&key=fPKH4El6FUgS-M58Ajpdzw	15
Viasat Outage: Current Problems and Outages	8145310889	https://disq.us/?url=https%3A%2F%2Fistheservicedown.com%2Fproblems%2Fviasat&key=1FL4qyYxxzmmgIqBiqo9Gg	15
Rocket League down? Current status, problems and outages	6416656757	https://disq.us/?url=https%3A%2F%2Fistheservicedown.com%2Fproblems%2Frocket-league&key=xfodxxLX0Ivuh_3CwhC5Sg	13
TDS Telecom Outage: Current Problems and Outages	7963958334	https://disq.us/?url=https%3A%2F%2Fistheservicedown.com%2Fproblems%2Ftds-telecom&key=rEOWC_SJFNPoqEL626Cpdg	13
Spotify down? Service status and problems	6417482569	https://disq.us/?url=https%3A%2F%2Fistheservicedown.com%2Fproblems%2Fspotify&key=7u-gx9UPoXldQBTFbhYd1g	12
Battle.net down? Current status, problems and outages	6416036946	https://disq.us/?url=https%3A%2F%2Fistheservicedown.com%2Fproblems%2Fbattlenet-blizzard-entertainment&key=hqtEd0A329YNTwyNmB1Sfg	11
MetroNet Outage: Current Problems and Outages	8216383140	https://disq.us/?url=https%3A%2F%2Fistheservicedown.com%2Fproblems%2Fmetronet&key=mrtzJH7qnu-mxS--mj9VFg	10
RuneScape down? Current status, problems and outages	6416290503	https://disq.us/?url=https%3A%2F%2Fistheservicedown.com%2Fproblems%2Frunescape&key=y1zYvDt853j7zbJ2msG5Mw	9
Viber down or not working? Current app problems and status	6620879610	https://disq.us/?url=https%3A%2F%2Fistheservicedown.com%2Fproblems%2Fviber&key=emavh4GiwOU3XDofF7oirg	9
Hostgator down? Current status and problems	6416136408	https://disq.us/?url=https%3A%2F%2Fistheservicedown.com%2Fproblems%2Fhostgator&key=fFof99u3pg0wOkFgOl4FJA	8
World of Warcraft down? Current status, problems and outages	6417725867	https://disq.us/?url=https%3A%2F%2Fistheservicedown.com%2Fproblems%2Fworld-of-warcraft&key=D20lKZX4XbU-GSQDErROzA	8
Pandora down? Service status and problems	6418045747	https://disq.us/?url=https%3A%2F%2Fistheservicedown.com%2Fproblems%2Fpandora&key=TcN3H8KzxO1xLG9zSLtcpg	8
GEICO down? Current status and problems	7336540237	https://disq.us/?url=https%3A%2F%2Fistheservicedown.com%2Fproblems%2Fgeico&key=RgtzqV5mpMpq7aQy0SsnAw	8
HBO Max down or not working? Problems, status and outages	8066801096	https://disq.us/?url=https%3A%2F%2Fistheservicedown.com%2Fproblems%2Fhbo-max&key=O5pofae37gOELgDOCtWz9g	8
Bitstamp down? Current status and problems	6416016297	https://disq.us/?url=https%3A%2F%2Fistheservicedown.com%2Fproblems%2Fbitstamp&key=xb-sljRCZvgdo2x9pI7aJg	7
Kraken down? Current status and problems	6416134905	https://disq.us/?url=https%3A%2F%2Fistheservicedown.com%2Fproblems%2Fkraken&key=cRt8_4s5xn9TsJZ4bc98Cg	7
Allstate down? Current status and problems	7336540219	https://disq.us/?url=https%3A%2F%2Fistheservicedown.com%2Fproblems%2Fallstate&key=iSfKp5S-sDAt_9DgDaEepQ	7
Earthlink Outage: Current Problems and Outages	8050732475	https://disq.us/?url=https%3A%2F%2Fistheservicedown.com%2Fproblems%2Fearthlink&key=wnFNBxny9Vr3VIP4uj8TNg	7
Ziply Fiber Outage: Current Problems and Outages	8143709641	https://disq.us/?url=https%3A%2F%2Fistheservicedown.com%2Fproblems%2Fziply-fiber&key=uTycJ68cTqOmgonLDiavbw	7
Mass Effect Andromeda down? Current status, problems and outages	6416280530	https://disq.us/?url=https%3A%2F%2Fistheservicedown.com%2Fproblems%2Fmass-effect-andromeda&key=aAnGecstkvNNB4z6jAmEJg	6
Super Mario Run down or not working? Current app problems and status	6416364545	https://disq.us/?url=https%3A%2F%2Fistheservicedown.com%2Fproblems%2Fsuper-mario-run&key=9XzShDAsjFSEJ3c0aX8tqw	6
Monster Hunter down? Current status, problems and outages	6845514463	https://disq.us/?url=https%3A%2F%2Fistheservicedown.com%2Fproblems%2Fmonster-hunter&key=cvX_tDJiaFHz05bs1dc46w	6
Liberty Mutual down? Current status and problems	7336540291	https://disq.us/?url=https%3A%2F%2Fistheservicedown.com%2Fproblems%2Fliberty-mutual&key=Mm4sueGlN9SFXaZduyT2hw	6
TikTok down or not working? Current app problems and status	7802597973	https://disq.us/?url=https%3A%2F%2Fistheservicedown.com%2Fproblems%2Ftiktok&key=PVSXdNaGDJzTIDyz7OiqAg	6
Northland Communications Outage: Current Problems and Outages	8143810527	https://disq.us/?url=https%3A%2F%2Fistheservicedown.com%2Fproblems%2Fnorthland-communications&key=TTtrxzzd5v0scXwOL1aszw	6
Apple Store down? Current status and problems	6442038126	https://disq.us/?url=https%3A%2F%2Fistheservicedown.com%2Fproblems%2Fapple-store&key=aiwsurShb9U-9h5zuV6_SA	5
Virgin Mobile outage or service down? Current problems and outages	7175981109	https://disq.us/?url=https%3A%2F%2Fistheservicedown.com%2Fproblems%2Fvirgin-mobile&key=jPHEmhafrbOYOWjVltGCEA	5
Time Warner Cable outage or service down? Current problems and outages	6416055512	https://disq.us/?url=https%3A%2F%2Fistheservicedown.com%2Fproblems%2Ftime-warner-cable&key=OktCcHE01mBE5rM-inI4gQ	4
Skype down or not working? Current app problems and status	6416750209	https://disq.us/?url=https%3A%2F%2Fistheservicedown.com%2Fproblems%2Fskype&key=4H3fLFhaEKU9zrs5dMHHjw	4
Cryptopia down? Current status and problems	6416353038	https://disq.us/?url=https%3A%2F%2Fistheservicedown.com%2Fproblems%2Fcryptopia&key=89f5dGwyUcwpTmXeJfbhog	3
DOTA 2 down? Current status, problems and outages	6416507256	https://disq.us/?url=https%3A%2F%2Fistheservicedown.com%2Fproblems%2Fdota2&key=DcQnAXnLxBOc8kz1DbZyMg	3
iTunes down? Service status and problems	6431207166	https://disq.us/?url=https%3A%2F%2Fistheservicedown.com%2Fproblems%2Fitunes&key=y_TBRKZ4P9PUh5o9g36mBQ	3
Slack down or not working? Current app problems and status	6758564196	https://disq.us/?url=https%3A%2F%2Fistheservicedown.com%2Fproblems%2Fslack&key=fKzZ0NXFCVFSKh-J3vsHOg	3
Google Nest down? Current status and problems	8143914784	https://disq.us/?url=https%3A%2F%2Fistheservicedown.com%2Fproblems%2Fgoogle-nest&key=OzV4rfY8cXcciS0jLARtnw	3
Dropbox down? Current status and problems	6416914606	https://disq.us/?url=https%3A%2F%2Fistheservicedown.com%2Fproblems%2Fdropbox&key=PqNECX8bEQkb87XpLzQrqA	2
Amazon Web Services down? Current status and problems	6418469130	https://disq.us/?url=https%3A%2F%2Fistheservicedown.com%2Fproblems%2Famazon-web-services-aws&key=wYLvLcaROMP5E51QQ9GHbg	2
Progressive down? Current status and problems	7336540252	https://disq.us/?url=https%3A%2F%2Fistheservicedown.com%2Fproblems%2Fprogressive&key=PIeWJDHJxNhfM2IEpyFVqw	2
Lumos Networks Outage: Current Problems and Outages	8041459142	https://disq.us/?url=https%3A%2F%2Fistheservicedown.com%2Fproblems%2Flumos-networks&key=c2AFRrInyaLTDIvyI2gfgQ	2
Bendbroadband Outage: Current Problems and Outages	8143736411	https://disq.us/?url=https%3A%2F%2Fistheservicedown.com%2Fproblems%2Fbendbroadband&key=0WsPLoZG2JRKA4Yp6OxSrw	2
Vast Broadband Outage: Current Problems and Outages	8143744332	https://disq.us/?url=https%3A%2F%2Fistheservicedown.com%2Fproblems%2Fvast-broadband&key=dUC7JGeXdw-g1n8qrlXW8A	2
HughesNet Outage: Current Problems and Outages	8143810742	https://disq.us/?url=https%3A%2F%2Fistheservicedown.com%2Fproblems%2Fhughesnet-usa&key=qVmgYBncfgKnm0vyEf4A-Q	2
Service Electric Outage: Current Problems and Outages	8153308429	https://disq.us/?url=https%3A%2F%2Fistheservicedown.com%2Fproblems%2Fservice-electric&key=S98uEjdUkZGXQQmkvbTmPg	2
Midco Outage: Current Problems and Outages	8197287480	https://disq.us/?url=https%3A%2F%2Fistheservicedown.com%2Fproblems%2Fmidco&key=rh5rApo5zNvGkAwoU9kmdA	2
PlayerUnknown's Battlegrounds down? Current status, problems and outages	6417644936	https://disq.us/?url=https%3A%2F%2Fistheservicedown.com%2Fproblems%2Fplayerunknowns-battlegrounds&key=f4zcjKzGsUl0gbFjg0NKPQ	1
Disney+ down or not working? Problems, status and outages	7741945648	https://disq.us/?url=https%3A%2F%2Fistheservicedown.com%2Fproblems%2Fdisney-plus&key=MCBn2LLbcDeMM9J9fCR2RQ	1
London Capital Group (LCG) down? Current status and problems	8011643154	https://disq.us/?url=https%3A%2F%2Fistheservicedown.com%2Fproblems%2Flondon-capital-group-lgc&key=KXuQLMGQs-zwN6bFqRbz9A	1
FOREX.com down? Current status and problems	8011646463	https://disq.us/?url=https%3A%2F%2Fistheservicedown.com%2Fproblems%2Fforex-dot-com&key=lZqdz5Yeta5x-h8x6VWUGQ	1
Walmart Family Mobile Outage: Current Problems and Outages	8080417005	https://disq.us/?url=https%3A%2F%2Fistheservicedown.com%2Fproblems%2Fwalmart-family-mobile&key=SJ0eomSeBhUThKuE7mMfJA	1
Garmin Connect down or not working? Current app problems and status	8142463896	https://disq.us/?url=https%3A%2F%2Fistheservicedown.com%2Fproblems%2Fgarmin-connect&key=7za16nkE7nnb3OZGg0ojQg	1
Cincinnati Bell Outage: Current Problems and Outages	8144897281	https://disq.us/?url=https%3A%2F%2Fistheservicedown.com%2Fproblems%2Fcincinnati-bell&key=TyMxWL2mMFPFT4NEGVTB5g	1
Rise broadband Outage: Current Problems and Outages	8148882247	https://disq.us/?url=https%3A%2F%2Fistheservicedown.com%2Fproblems%2Frise-broadband&key=VhUBnJqS2NAB_tfo9H_jvw	1
SLEMCO Outage: Current Problems and Outages	8235202860	https://disq.us/?url=https%3A%2F%2Fistheservicedown.com%2Fproblems%2Fslemco&key=Jn-tVDDTHkPavDBTj_jVCQ	1
Comcast outage or service down? Current problems and outages - Is The Service Down	5415023462	http://disq.us/?url=http%3A%2F%2Flocalhost%3A59459%2Fstatus%2Fcomcast-xfinity&key=evRM6jORud0GGZDUznd3rw	0
T-Mobile outage or service down? Current problems and outages - Is The Service Down	5415024568	http://disq.us/?url=http%3A%2F%2Flocalhost%3A59459%2Fstatus%2Ft-mobile&key=Q7_T-3egy3D42WbhVEtqhw	0
AT&T outage or service down? Current problems and outages - Is The Service Down	5415061131	http://disq.us/?url=http%3A%2F%2Fistheservicedown.com%2Fstatus%2Fatt&key=M2zpMXIOZDjpfZ46b1PVfw	0
T-Mobile outage or service down? Current problems and outages - Is The Service Down	5415061535	http://disq.us/?url=http%3A%2F%2Fistheservicedown.com%2Fstatus%2Ft-mobile&key=DQBvUzPjXV0M6yQWhTZPgg	0
Verizon outage or service down? Current problems and outages - Is The Service Down	5415061871	http://disq.us/?url=http%3A%2F%2Fistheservicedown.com%2Fstatus%2Fverizon&key=_hB-oKONWZNpPoFanunBug	0
Cox outage or service down? Current problems and outages - Is The Service Down	5415062561	http://disq.us/?url=http%3A%2F%2Fistheservicedown.com%2Fstatus%2Fcox-communications&key=_e0AUDW8R1dA1AHfn7mnSg	0
Comcast outage or service down? Current problems and outages - Is The Service Down	5415699537	http://disq.us/?url=http%3A%2F%2Fistheservicedown.com%2Fstatus%2Fcomcast-xfinity&key=DdrzSv3qTza96Hp-yTT0xQ	0
AT&T outage or service down? Current problems and outages - Is The Service Down	5415719339	http://disq.us/?url=http%3A%2F%2Flocalhost%3A59459%2Fstatus%2Fatt&key=VFzcB-aHEuFmoIywm7dLvA	0
Optimum / Cablevision outage or service down? Current problems and outages - Is The Service Down	5415761467	http://disq.us/?url=http%3A%2F%2Fistheservicedown.com%2Fstatus%2Foptimum-cablevision&key=M6IOJ1f7bCbHikIdvshFtA	0
Sprint outage or service down? Current problems and outages - Is The Service Down	5415761521	http://disq.us/?url=http%3A%2F%2Fistheservicedown.com%2Fstatus%2Fsprint&key=Wjx9GIima2Aj8L3A-X8OVg	0
Time Warner Cable outage or service down? Current problems and outages - Is The Service Down	5415761547	http://disq.us/?url=http%3A%2F%2Fistheservicedown.com%2Fstatus%2Ftime-warner-cable&key=3th0PeKg7u1T6gZpJKsoPw	0
Verizon outage or service down? Current problems and outages - Is The Service Down	5416459131	http://disq.us/?url=http%3A%2F%2Flocalhost%3A59459%2Fstatus%2Fverizon&key=P2MMUvv4yb38Eacqminbrw	0
Cox outage or service down? Current problems and outages - Is The Service Down	5416465844	http://disq.us/?url=http%3A%2F%2Flocalhost%3A59459%2Fstatus%2Fcox-communications&key=G0HxcpgcMUqrbPvVIQEZPg	0
Charter Spectrum outage or service down? Current problems and outages - Is The Service Down	5416481453	http://disq.us/?url=http%3A%2F%2Fistheservicedown.com%2Fstatus%2Fcharter-communications&key=DwLVHwFTkInatlIJJC7hmg	0
Charter Spectrum outage or service down? Current problems and outages - Is The Service Down	5416506520	http://disq.us/?url=http%3A%2F%2Flocalhost%3A59459%2Fstatus%2Fcharter-communications&key=Ays04j3jDiojkTgJezymDw	0
Time Warner Cable outage or service down? Current problems and outages - Is The Service Down	5416591644	http://disq.us/?url=http%3A%2F%2Flocalhost%3A59459%2Fstatus%2Ftime-warner-cable&key=-K8VXBufuC4OtAjV2185TQ	0
Sprint outage or service down? Current problems and outages - Is The Service Down	5416689589	http://disq.us/?url=http%3A%2F%2Flocalhost%3A59459%2Fstatus%2Fsprint&key=jpNtHvwwxRs60P3gAzjGVQ	0
Optimum / Cablevision outage or service down? Current problems and outages - Is The Service Down	5416690605	http://disq.us/?url=http%3A%2F%2Flocalhost%3A59459%2Fstatus%2Foptimum-cablevision&key=euNFspu1zZLvVgfzvbct-g	0
Playstation Network outage or service down? Current problems and outages - Is The Service Down	5416746396	http://disq.us/?url=http%3A%2F%2Fistheservicedown.com%2Fstatus%2Fplaystation-network-psn&key=vbO65PPjqED2ogVG6SBk8w	0
Playstation Network outage or service down? Current problems and outages - Is The Service Down	5416780796	http://disq.us/?url=http%3A%2F%2Flocalhost%3A59459%2Fstatus%2Fplaystation-network-psn&key=nJ7ml6uFmpkMjTEWClD7vQ	0
Xbox Live outage or service down? Current problems and outages - Is The Service Down	5416938641	http://disq.us/?url=http%3A%2F%2Fistheservicedown.com%2Fstatus%2Fxbox-live&key=NXSC7D_RC53D3u960GHbqQ	0
EA Games outage or service down? Current problems and outages - Is The Service Down	5418019108	http://disq.us/?url=http%3A%2F%2Flocalhost%3A59459%2Fstatus%2Fea-games-electronic-arts&key=WYxs1XCV_Zb5VTzYCjRlbQ	0
EA Games outage or service down? Current problems and outages - Is The Service Down	5418024549	http://disq.us/?url=http%3A%2F%2Fistheservicedown.com%2Fstatus%2Fea-games-electronic-arts&key=RWk9yFSrcaWLiQfrplflEQ	0
Xbox Live outage or service down? Current problems and outages - Is The Service Down	5418543511	http://disq.us/?url=http%3A%2F%2Flocalhost%3A59459%2Fstatus%2Fxbox-live&key=aXzfWTsX6asjoRdHGwNBIA	0
Overwatch outage or service down? Current problems and outages - Is The Service Down	5418563274	http://disq.us/?url=http%3A%2F%2Fistheservicedown.com%2Fstatus%2Foverwatch-game&key=OL_o-VBx-EYRHUQmVMfWjg	0
Mediacom outage or service down? Current problems and outages - Is The Service Down	5420616442	http://disq.us/?url=http%3A%2F%2Fistheservicedown.com%2Fstatus%2Fmediacom&key=wvqUGsTaNhCC6HwroRRVhQ	0
Ubisoft Uplay outage or service down? Current problems and outages - Is The Service Down	5420706818	http://disq.us/?url=http%3A%2F%2Fistheservicedown.com%2Fstatus%2Fuplay-ubisoft&key=gWkl5CM8vxz9ldugvGY0tA	0
Netflix outage or service down? Current problems and outages - Is The Service Down	5420731839	http://disq.us/?url=http%3A%2F%2Fistheservicedown.com%2Fstatus%2Fnetflix&key=LPWILkGZFXR5N_TWeN17CQ	0
Netflix outage or service down? Current problems and outages - Is The Service Down	5420743036	http://disq.us/?url=http%3A%2F%2Flocalhost%3A59459%2Fstatus%2Fnetflix&key=nyMKiAoc_h82V0z3zNAP9Q	0
GTA V (Grand Theft Auto V) outage or service down? Current problems and outages - Is The Service Down	5420796734	http://disq.us/?url=http%3A%2F%2Fistheservicedown.com%2Fstatus%2Fgta-v-grand-theft-auto-v&key=ri-GRBfpgreQkHF4kAtJUg	0
Overwatch outage or service down? Current problems and outages - Is The Service Down	5420847874	http://disq.us/?url=http%3A%2F%2Flocalhost%3A59459%2Fstatus%2Foverwatch-game&key=Bsc4oERMS90XvuoeaMXUZw	0
Amazon Prime Instant Video outage or service down? Current problems and outages - Is The Service Down	5421117804	http://disq.us/?url=http%3A%2F%2Fistheservicedown.com%2Fstatus%2Famazon-prime-instant-video&key=o5iya6TgD6a1qyh8yv6WPg	0
Amazon Prime Instant Video outage or service down? Current problems and outages - Is The Service Down	5421481654	http://disq.us/?url=http%3A%2F%2Flocalhost%3A59459%2Fstatus%2Famazon-prime-instant-video&key=UOrHzO4obr_x7BHTq2YKkg	0
Spotify outage or service down? Current problems and outages - Is The Service Down	5421768463	http://disq.us/?url=http%3A%2F%2Fistheservicedown.com%2Fstatus%2Fspotify&key=FdyBD-DxfkI949T4KE3cLg	0
CenturyLink outage or service down? Current problems and outages - Is The Service Down	5421786655	http://disq.us/?url=http%3A%2F%2Fistheservicedown.com%2Fstatus%2Fcenturylink&key=siTvlKfDMtjnmdHbL6PCMg	0
Snapchat outage or service down? Current problems and outages - Is The Service Down	5421826263	http://disq.us/?url=http%3A%2F%2Fistheservicedown.com%2Fstatus%2Fsnapchat&key=vw8pnG-TRrdYR5L4ivyKIg	0
Battle.net (Blizzard Entertainment) outage or service down? Current problems and outages - Is The Service Down	5423032623	http://disq.us/?url=http%3A%2F%2Fistheservicedown.com%2Fstatus%2Fbattlenet-blizzard-entertainment&key=C95kXihk34c7nGBRTBd32A	0
Sprint Houston, Texas outage or service down? Current problems and outages - Is The Service Down	5423069629	http://disq.us/?url=http%3A%2F%2Flocalhost%3A59459%2Fstatus%2Fsprint%2Fhouston-harris-county-texas-united-states&key=Alr61hpEv3qU5o1ADCCmbg	0
GTA V (Grand Theft Auto V) outage or service down? Current problems and outages - Is The Service Down	5423106279	http://disq.us/?url=http%3A%2F%2Flocalhost%3A59459%2Fstatus%2Fgta-v-grand-theft-auto-v&key=itX_-MBHrexERV_95gpVGw	0
GTA V (Grand Theft Auto V) (Hackensack, New Jersey) outage or service down? Current problems and outages - Is The Service Down	5423106343	http://disq.us/?url=http%3A%2F%2Flocalhost%3A59459%2Fstatus%2Fgta-v-grand-theft-auto-v%2Fhackensack-bergen-county-new-jersey-united-states&key=4wKkOc3_AS3VNMMOvZpEVg	0
Verizon (Hartford, Connecticut) outage or service down? Current problems and outages - Is The Service Down	5423107244	http://disq.us/?url=http%3A%2F%2Flocalhost%3A59459%2Fstatus%2Fverizon%2Fhartford-hartford-county-connecticut-united-states&key=n8MmXuisZhZL7yL_I6QbPg	0
Verizon (San Jose, California) outage or service down? Current problems and outages - Is The Service Down	5423107315	http://disq.us/?url=http%3A%2F%2Flocalhost%3A59459%2Fstatus%2Fverizon%2Fsan-jose-santa-clara-county-california-united-states&key=v0-oTyjkc3xfc8vgUPVS3g	0
Verizon (Wellington, Florida) outage or service down? Current problems and outages - Is The Service Down	5423107361	http://disq.us/?url=http%3A%2F%2Flocalhost%3A59459%2Fstatus%2Fverizon%2Fwellington-palm-beach-county-florida-united-states&key=QGMiWXuw8qgh-vhZMiIDQw	0
Comcast (Chicago, Illinois) outage or service down? Current problems and outages - Is The Service Down	5423109542	http://disq.us/?url=http%3A%2F%2Flocalhost%3A59459%2Fstatus%2Fcomcast-xfinity%2Fchicago-cook-county-illinois-united-states&key=S4qEnJbljn0E_5o9dX2tjQ	0
Playstation Vue outage or service down? Current problems and outages - Is The Service Down	5423595555	http://disq.us/?url=http%3A%2F%2Fistheservicedown.com%2Fstatus%2Fplaystation-vue&key=rLMeix9TBiShqesHf50soA	0
2K outage or service down? Current problems and outages - Is The Service Down	5423602408	http://disq.us/?url=http%3A%2F%2Fistheservicedown.com%2Fstatus%2F2k&key=u_QjKp8HTfxaXvrZhXKZnw	0
Rainbow Six: Siege outage or service down? Current problems and outages - Is The Service Down	5423871485	http://disq.us/?url=http%3A%2F%2Fistheservicedown.com%2Fstatus%2Ftom-clancy-rainbow-six-siege&key=fvxSC4g3ntYHGdSK2gbXzg	0
Battlefield 1 outage or service down? Current problems and outages - Is The Service Down	5423876689	http://disq.us/?url=http%3A%2F%2Fistheservicedown.com%2Fstatus%2Fbattlefield-one&key=QKJmVppexcWVc2FCoTsUrA	0
Call of Duty outage or service down? Current problems and outages - Is The Service Down	5423966290	http://disq.us/?url=http%3A%2F%2Fistheservicedown.com%2Fstatus%2Fcall-of-duty&key=0Zk6pPsbs2wiRq3nicyMXA	0
Minecraft outage or service down? Current problems and outages - Is The Service Down	5423993319	http://disq.us/?url=http%3A%2F%2Fistheservicedown.com%2Fstatus%2Fminecraft&key=YiZMJqsgLgiQ9TK3OEaucA	0
BT (British Telecom) outage or service down? Current problems and outages - Is The Service Down?	5426002550	http://disq.us/?url=http%3A%2F%2Fistheservicedown.com%2Fstatus%2Fbt-british-telecom&key=gaq2dZPt3I16Bi8IdiBA4Q	0
Sky outage or service down? Current problems and outages - Is The Service Down?	5426002716	http://disq.us/?url=http%3A%2F%2Fistheservicedown.com%2Fstatus%2Fsky&key=JPH43LkWtH4l3Jge-jp8TA	0
Steam outage or service down? Current problems and outages - Is The Service Down?	5426008450	http://disq.us/?url=http%3A%2F%2Fistheservicedown.com%2Fstatus%2Fsteam&key=evsgAcystK8OdLX2KL-Krg	0
Comcast outage or service down? Current problems and outages - Is The Service Down?	6415672470	http://disq.us/?url=http%3A%2F%2Flocalhost%3A50328%2Fproblems%2Fcomcast-xfinity&key=OWAoDnWJShkorO3vopmNmg	0
Shazam down? Service status and problems	6416772960	https://disq.us/?url=https%3A%2F%2Fistheservicedown.com%2Fproblems%2Fshazam&key=VOrAgmmvNBMqSoQc3dVuug	0
Bitfinex down? Current status and problems	6418261554	https://disq.us/?url=https%3A%2F%2Fistheservicedown.com%2Fproblems%2Fbitfinex&key=PH_4y97oJiTtlo_pDdBEfQ	0
FOXTEL outage or service down? Current problems and outages	6429203017	https://disq.us/?url=https%3A%2F%2Fistheservicedown.com%2Fproblems%2Ffoxtel&key=T0roivxLGm14KHlIGhrDcw	0
Rogers outage or service down? Current problems and outages	6665222162	https://disq.us/?url=https%3A%2F%2Fistheservicedown.com%2Fproblems%2Frogers&key=w2fuBGxTpCM5_04AK2Vdvw	0
Spectrum in Geneva, Ontario County, New York outage or service down? Current problems and outages - Is The Service Down?	7045195614	https://disq.us/?url=https%3A%2F%2Fistheservicedown.com%2Fproblems%2Fcharter-communications%2F5118398-geneva-ontario-county-new-york-united-states&key=U-NLhTF_VXfRkAo670Jedg	0
Sprint Outage Map - Is The Service Down?	7085427425	https://disq.us/?url=https%3A%2F%2Fistheservicedown.com%2Fproblems%2Fsprint%2Fmap&key=k2WAS0qh55GbqjD9umC0dw	0
Verizon in Beaufort, South Carolina outage or service down? Current problems and outages - Is The Service Down?	7090548093	https://disq.us/?url=https%3A%2F%2Fistheservicedown.com%2Fproblems%2Fverizon%2F4570284-beaufort-beaufort-county-south-carolina-united-states&key=gGb8Gdhf9yWZbYYFdba5hg	0
AT&T in West Monroe, Ouachita Parish, Louisiana outage or service down? Current problems and outages - Is The Service Down?	7100229465	https://disq.us/?url=https%3A%2F%2Fistheservicedown.com%2Fproblems%2Fatt%2F4345850-west-monroe-ouachita-parish-louisiana-united-states&key=FSKKtqAGrN0eTmVsdm74-A	0
Spectrum Outage History - Is The Service Down?	7137416324	https://disq.us/?url=https%3A%2F%2Fistheservicedown.com%2Fproblems%2Fcharter-communications%2Fhistory&key=l5zTNMBPdXGuAvlL3to_sw	0
DirecTV Outage History - Is The Service Down?	7137416691	https://disq.us/?url=https%3A%2F%2Fistheservicedown.com%2Fproblems%2Fdirectv%2Fhistory&key=BT_Lznfbb9WV6bDaimMhew	0
Verizon in LaFayette, Walker County, Georgia outage or service down? Current problems and outages - Is The Service Down?	7169239550	https://disq.us/?url=https%3A%2F%2Fistheservicedown.com%2Fproblems%2Fverizon%2F4204241-lafayette-walker-county-georgia-united-states&key=VM-NYy30X4Ky3VCEop2TOg	0
Windstream in LaFayette, Walker County, Georgia outage or service down? Current problems and outages - Is The Service Down?	7169240066	https://disq.us/?url=https%3A%2F%2Fistheservicedown.com%2Fproblems%2Fwindstream%2F4204241-lafayette-walker-county-georgia-united-states&key=XalXN-1zqf-DvaVsUxlqBQ	0
T-Mobile in LaFayette, Walker County, Georgia outage or service down? Current problems and outages - Is The Service Down?	7169240631	https://disq.us/?url=https%3A%2F%2Fistheservicedown.com%2Fproblems%2Ft-mobile%2F4204241-lafayette-walker-county-georgia-united-states&key=nRMpNB6jLZNj1LB67g4kXA	0
Comcast in Wellington, Palm Beach County, Florida outage or service down? Current problems and outages - Is The Service Down?	7176998511	https://disq.us/?url=https%3A%2F%2Fistheservicedown.com%2Fproblems%2Fcomcast-xfinity%2F4177703-wellington-palm-beach-county-florida-united-states&key=r_I-jsmDAyr-kTR1dnDnWA	0
Frontier in Sarasota, Florida outage or service down? Current problems and outages - Is The Service Down?	7205237388	https://disq.us/?url=https%3A%2F%2Fistheservicedown.com%2Fproblems%2Ffrontier%2F4172131-sarasota-sarasota-county-florida-united-states&key=UMj0R0x5E7ilwcpycL5sJQ	0
Mediacom in Cedar Rapids, Linn County, Iowa outage or service down? Current problems and outages - Is The Service Down?	7237801390	https://disq.us/?url=https%3A%2F%2Fistheservicedown.com%2Fproblems%2Fmediacom%2F4850751-cedar-rapids-linn-county-iowa-united-states&key=304hj41DCQGOjBqg20HdaA	0
Cox Communications in Fairfax, Virginia outage or service down? Current problems and outages - Is The Service Down?	7240777759	https://disq.us/?url=https%3A%2F%2Fistheservicedown.com%2Fproblems%2Fcox-communications%2F4758023-fairfax-city-of-fairfax-virginia-united-states&key=aQlSNlLm7yod6feoRT6zpg	0
Mediacom in Marion, Linn County, Iowa outage or service down? Current problems and outages - Is The Service Down?	7242680664	https://disq.us/?url=https%3A%2F%2Fistheservicedown.com%2Fproblems%2Fmediacom%2F4866263-marion-linn-county-iowa-united-states&key=TNJuZcmEK4c1sy3KVxWCyg	0
Comcast in Philadelphia, Pennsylvania outage or service down? Current problems and outages - Is The Service Down?	7259268236	https://disq.us/?url=https%3A%2F%2Fistheservicedown.com%2Fproblems%2Fcomcast-xfinity%2F4560349-philadelphia-philadelphia-county-pennsylvania-united-states&key=TU8sHAiAAKCyY5ULhMkrTw	0
Spectrum in West Branch, Ogemaw County, Michigan outage or service down? Current problems and outages - Is The Service Down?	7269479783	https://disq.us/?url=https%3A%2F%2Fistheservicedown.com%2Fproblems%2Fcharter-communications%2F5014413-west-branch-ogemaw-county-michigan-united-states&key=yxHnRsdzwRSnw4QpvCFGdA	0
Mediacom in Minnetrista, Hennepin County, Minnesota outage or service down? Current problems and outages - Is The Service Down?	7273083731	https://disq.us/?url=https%3A%2F%2Fistheservicedown.com%2Fproblems%2Fmediacom%2F5037793-minnetrista-hennepin-county-minnesota-united-states&key=quo1KtWQsFW_TotL_FWVPQ	0
Verizon Outage Map - Is The Service Down?	7297002245	https://disq.us/?url=https%3A%2F%2Fistheservicedown.com%2Fproblems%2Fverizon%2Fmap&key=BhAEZfTkzE60x-MYEQP_Pw	0
Cox Communications Outage Map - Is The Service Down?	7309833563	https://disq.us/?url=https%3A%2F%2Fistheservicedown.com%2Fproblems%2Fcox-communications%2Fmap&key=5hb_jvsBJm1kc13uONOVUQ	0
Verizon in Des Moines, Polk County, Iowa outage or service down? Current problems and outages - Is The Service Down?	7315796059	https://disq.us/?url=https%3A%2F%2Fistheservicedown.com%2Fproblems%2Fverizon%2F4853828-des-moines-polk-county-iowa-united-states&key=MytP-G_WcznmzqUiZ9M9Ng	0
AT&T Outage History - Is The Service Down?	7323250305	https://disq.us/?url=https%3A%2F%2Fistheservicedown.com%2Fproblems%2Fatt%2Fhistory&key=HuiqZFda1rURaeaTEJGbTQ	0
Verizon in Twain Harte, Tuolumne County, California outage or service down? Current problems and outages - Is The Service Down?	7323789870	https://disq.us/?url=https%3A%2F%2Fistheservicedown.com%2Fproblems%2Fverizon%2F5404141-twain-harte-tuolumne-county-california-united-states&key=swS4KlqEYa_0DPGMq6WzLw	0
Comcast in Saint Augustine, Saint Johns County, Florida outage or service down? Current problems and outages - Is The Service Down?	7335904155	https://disq.us/?url=https%3A%2F%2Fistheservicedown.com%2Fproblems%2Fcomcast-xfinity%2F4170894-saint-augustine-saint-johns-county-florida-united-states&key=ffrGNDeYT6_efJlJwicIXg	0
Farmers Insurance down? Current status and problems	7336539942	https://disq.us/?url=https%3A%2F%2Fistheservicedown.com%2Fproblems%2Ffarmers-insurance&key=zN3Qbt09yb1hb0UlKbBnqQ	0
Nationwide down? Current status and problems	7336540270	https://disq.us/?url=https%3A%2F%2Fistheservicedown.com%2Fproblems%2Fnationwide&key=F_QCfT8JoYz6rbOuNBcvlA	0
Sprint in Naples, Collier County, Florida outage or service down? Current problems and outages - Is The Service Down?	7351055238	https://disq.us/?url=https%3A%2F%2Fistheservicedown.com%2Fproblems%2Fsprint%2F4165565-naples-collier-county-florida-united-states&key=vY9YoqQvhLjWmagskUyxgA	0
Verizon in Charleston, South Carolina outage or service down? Current problems and outages - Is The Service Down?	7392289717	https://disq.us/?url=https%3A%2F%2Fistheservicedown.com%2Fproblems%2Fverizon%2F4574324-charleston-charleston-county-south-carolina-united-states&key=49tfL1C2THN3XCgId47Unw	0
Verizon in White Plains, Westchester County, New York outage or service down? Current problems and outages - Is The Service Down?	7400491170	https://disq.us/?url=https%3A%2F%2Fistheservicedown.com%2Fproblems%2Fverizon%2F5144336-white-plains-westchester-county-new-york-united-states&key=ERKfw6l5PQiaIo--gCmIhQ	0
AOL Outage Map - Is The Service Down?	7402959081	https://disq.us/?url=https%3A%2F%2Fistheservicedown.com%2Fproblems%2Faol-america-online%2Fmap&key=Js5jjCzDzJYd_G7ue46Ldw	0
AT&T in Hagerstown, Washington County, Maryland outage or service down? Current problems and outages - Is The Service Down?	7405291190	https://disq.us/?url=https%3A%2F%2Fistheservicedown.com%2Fproblems%2Fatt%2F4357141-hagerstown-washington-county-maryland-united-states&key=gB-j9CZ0Ld_1Ib4a2U9Hyg	0
Cox Communications in Scottsdale, Maricopa County, Arizona outage or service down? Current problems and outages - Is The Service Down?	7407770599	https://disq.us/?url=https%3A%2F%2Fistheservicedown.com%2Fproblems%2Fcox-communications%2F5313457-scottsdale-maricopa-county-arizona-united-states&key=mLgICVCCRKRQVB4NFNzzcQ	0
AT&T in Minden, Douglas County, Nevada outage or service down? Current problems and outages - Is The Service Down?	7410627198	https://disq.us/?url=https%3A%2F%2Fistheservicedown.com%2Fproblems%2Fatt%2F5508379-minden-douglas-county-nevada-united-states&key=gLrs76Us3VMQ5mffMY9HAA	0
Google Cloud down? Current status and problems	7454072570	https://disq.us/?url=https%3A%2F%2Fistheservicedown.com%2Fproblems%2Fgoogle-cloud&key=szqPNxbYwg5xNm9189LzyQ	0
Microsoft Azure down? Current status and problems	7457002291	https://disq.us/?url=https%3A%2F%2Fistheservicedown.com%2Fproblems%2Fmicrosoft-azure&key=oh33v6ocSnRXOERdFp7sfA	0
Cloudflare down? Current status and problems	7510655102	https://disq.us/?url=https%3A%2F%2Fistheservicedown.com%2Fproblems%2Fcloudflare&key=rrrYjlztCHy3DDRHIZFbuA	0
Windstream Outage in Lincoln, Nebraska: Current Problems and Outages	7553674777	https://disq.us/?url=https%3A%2F%2Fistheservicedown.com%2Fproblems%2Fwindstream%2F5072006-lincoln-lancaster-county-nebraska-united-states&key=L4XzC9w573Qb3R1kb-cl7A	0
AT&T Outage Map ‚Ä¢ Is The Service Down?	7607320659	https://disq.us/?url=https%3A%2F%2Fistheservicedown.com%2Fproblems%2Fatt%2Fmap&key=tKrJ4zLpVLVJFUy9Lnxk6A	0
AT&T Outage in McDonough, Georgia: Current Problems and Outages ‚Ä¢ Is The Service Down?	7667439426	https://disq.us/?url=https%3A%2F%2Fistheservicedown.com%2Fproblems%2Fatt%2F4208442-mcdonough-henry-county-georgia-united-states&key=RSVus1zulmyToz5If50y-A	0
Frontier Outage in Camarillo, California: Current Problems and Outages ‚Ä¢ Is The Service Down?	7689371890	https://disq.us/?url=https%3A%2F%2Fistheservicedown.com%2Fproblems%2Ffrontier%2F5333180-camarillo-ventura-county-california-united-states&key=XgDbsKav91xsmlq2Eiu7Mw	0
Spectrum Outage in San Antonio, Texas: Current Problems and Outages ‚Ä¢ Is The Service Down?	7689409406	https://disq.us/?url=https%3A%2F%2Fistheservicedown.com%2Fproblems%2Fcharter-communications%2F4726206-san-antonio-bexar-county-texas-united-states&key=lXDBc5VeNFJfgWzBHPrh6A	0
Spectrum Outage in Los Angeles, California: Current Problems and Outages ‚Ä¢ Is The Service Down?	7689482896	https://disq.us/?url=https%3A%2F%2Fistheservicedown.com%2Fproblems%2Fcharter-communications%2F5368361-los-angeles-los-angeles-county-california-united-states&key=_37A-BKmaO901hTY3tnJIA	0
CenturyLink Outage in Mount Vernon, Ohio: Current Problems and Outages ‚Ä¢ Is The Service Down?	7689938851	https://disq.us/?url=https%3A%2F%2Fistheservicedown.com%2Fproblems%2Fcenturylink%2F5163799-mount-vernon-knox-county-ohio-united-states&key=hmeXKJjEw-RblrmduFi3Hw	0
Spectrum Outage in Albany County, New York: Current Problems and Outages ‚Ä¢ Is The Service Down?	7690178816	https://disq.us/?url=https%3A%2F%2Fistheservicedown.com%2Fproblems%2Fcharter-communications%2F5106841-albany-county-albany-county-new-york-united-states&key=NJV6kUX_BflrJcn7Kkq-eQ	0
C Spire Outage in Philipp, Mississippi: Current Problems and Outages ‚Ä¢ Is The Service Down?	7946646960	https://disq.us/?url=https%3A%2F%2Fistheservicedown.com%2Fproblems%2Fc-spire-wireless%2F4440949-philipp-tallahatchie-county-mississippi-united-states&key=Y9npwGawDl7xDRjYHGn2gA	0
FedEx in San Diego, California down? Current outages and problems ‚Ä¢ Is The Service Down?	7954465508	https://disq.us/?url=https%3A%2F%2Fistheservicedown.com%2Fproblems%2Ffedex%2F5391811-san-diego-san-diego-county-california-united-states&key=GqMdpFWbueSfYTr4-eTSjg	0
È¢ëË∞±ÂÅúËøêÂÖãÂä≥Âà©ÔºåÂæóÂÖãËê®ÊñØÂ∑ûÔºöÂΩìÂâçÂ≠òÂú®ÁöÑÈóÆÈ¢òÂíåÂÅúÊú∫‚Ä¢ÊòØÊúçÂä°‰πéÔºü	7963563999	https://disq.us/?url=https%3A%2F%2Fistheservicedown.com%2Fproblems%2Fcharter-communications%2F4684434-crowley-tarrant-county-texas-united-states&key=CawV4TqV9mx_S5ZgHHTeqg	0
Â∫∑Âç°ÊñØÁâπÂú®ÂÅúËøêÂç∞Á¨¨ÂÆâÁ∫≥Â∑ûElkhartÔºöÂΩìÂâçÂ≠òÂú®ÁöÑÈóÆÈ¢òÂíåÂÅúÊú∫‚Ä¢ÊòØÊúçÂä°‰πéÔºü	7963571965	https://disq.us/?url=https%3A%2F%2Fistheservicedown.com%2Fproblems%2Fcomcast-xfinity%2F4919987-elkhart-elkhart-county-indiana-united-states&key=aD39QK9fot3jeyfET2XlbQ	0
Zoom down or not working? Current app problems and status	7963934558	https://disq.us/?url=https%3A%2F%2Fistheservicedown.com%2Fproblems%2Fzoom&key=DoRBwrkam7OUqLdzEEk4uA	0
IRS down? Current status and outages	7966245112	https://disq.us/?url=https%3A%2F%2Fistheservicedown.com%2Fproblems%2Firs-usa&key=Xoyw6-bxYUBZ51xymfsJ9w	0
Cox Outage in Narragansett, Rhode Island: Current Problems and Outages ‚Ä¢ Is The Service Down?	7990011341	https://disq.us/?url=https%3A%2F%2Fistheservicedown.com%2Fproblems%2Fcox-communications%2F5223505-narragansett-washington-county-rhode-island-united-states&key=OT_UqBpw-y32Z1BxOp_p1Q	0
IG down? Current status and problems	8011641154	https://disq.us/?url=https%3A%2F%2Fistheservicedown.com%2Fproblems%2Fig-broker&key=7W3Fq8Eio8MJsbrSu3jpXQ	0
XM down? Current status and problems	8011643274	https://disq.us/?url=https%3A%2F%2Fistheservicedown.com%2Fproblems%2Fxm-trading&key=sWxByNqEzY3OvX85v96v-w	0
Robinhood down? Current status and problems	8011643318	https://disq.us/?url=https%3A%2F%2Fistheservicedown.com%2Fproblems%2Frobinhood&key=jdXj7isEr5ckHlql7Xi1UA	0
Plus500 down? Current status and problems	8011644578	https://disq.us/?url=https%3A%2F%2Fistheservicedown.com%2Fproblems%2Fplus500&key=MNAFLFnS1DrngLjTIFYBKw	0
Pepperstone down? Current status and problems	8011646320	https://disq.us/?url=https%3A%2F%2Fistheservicedown.com%2Fproblems%2Fpepperstone&key=cdaWe46GI32UAcjDJ1OAeA	0
Interactive Brokers down? Current status and problems	8011646383	https://disq.us/?url=https%3A%2F%2Fistheservicedown.com%2Fproblems%2Finteractive-brokers&key=B0keBkatR6RDTcpC9ERd0Q	0
E*Trade down? Current status and problems	8011646550	https://disq.us/?url=https%3A%2F%2Fistheservicedown.com%2Fproblems%2Fetrade&key=WFoXjis2Z64y7nX5dq1bxQ	0
CMC Markets down? Current status and problems	8011646680	https://disq.us/?url=https%3A%2F%2Fistheservicedown.com%2Fproblems%2Fcmc-markets&key=J42_cRbAXlVt_yrzi53Qfw	0
eToro down? Current status and problems	8011707349	https://disq.us/?url=https%3A%2F%2Fistheservicedown.com%2Fproblems%2Fetoro&key=pHIHXEsakypYeSEM3Zhh8A	0
Trading 212 down? Current status and problems	8037507557	https://disq.us/?url=https%3A%2F%2Fistheservicedown.com%2Fproblems%2Ftrading-212&key=wvXfKpzbminsVTUGK0JsTw	0
OANDA down? Current status and problems	8052660783	https://disq.us/?url=https%3A%2F%2Fistheservicedown.com%2Fproblems%2Foanda&key=8O04OZz-uKXeVs1m6qFjaQ	0
xtb down? Current status and problems	8078375132	https://disq.us/?url=https%3A%2F%2Fistheservicedown.com%2Fproblems%2Fxtb-trading&key=HvXDWqDcU2xkW7a5uoXd-g	0
Straight Talk Outage: Current Problems and Outages	8080398405	https://disq.us/?url=https%3A%2F%2Fistheservicedown.com%2Fproblems%2Fstraight-talk&key=rw9iJTn2DEXqqRMcnxvYiw	0
Simple Mobile Outage: Current Problems and Outages	8080405728	https://disq.us/?url=https%3A%2F%2Fistheservicedown.com%2Fproblems%2Fsimple-mobile&key=nD2aQ3Lup9jf6gAiq8Wzrg	0
Facebook Gaming down or not working? Problems, status and outages	8090245836	https://disq.us/?url=https%3A%2F%2Fistheservicedown.com%2Fproblems%2Ffacebook-gaming&key=szaeZ3XrsmO06C1IGSjLDw	0
GitHub down? Current status and problems	8101786189	https://disq.us/?url=https%3A%2F%2Fistheservicedown.com%2Fproblems%2Fgithub&key=ktE-6YCIO6Pr6SH_kHu64A	0
Microsoft Teams down? Current status and problems	8118287711	https://disq.us/?url=https%3A%2F%2Fistheservicedown.com%2Fproblems%2Fmicrosoft-teams&key=fgq-wI--fIiyku5cUYuR2g	0
USPS Outage Map ‚Ä¢ Is The Service Down?	8139417248	https://disq.us/?url=https%3A%2F%2Fistheservicedown.com%2Fproblems%2Fusps%2Fmap&key=DY3rXo6j8aWZiKcLp7OpQg	0
GCI Outage: Current Problems and Outages	8143736209	https://disq.us/?url=https%3A%2F%2Fistheservicedown.com%2Fproblems%2Fgci&key=_3sHY891g4mM54DcAoWM2A	0
Alaska Communications Outage: Current Problems and Outages	8143736288	https://disq.us/?url=https%3A%2F%2Fistheservicedown.com%2Fproblems%2Falaska-communications&key=bHJdj_YWxlQpRyYFGPi0_g	0
Arvig Outage: Current Problems and Outages	8144897422	https://disq.us/?url=https%3A%2F%2Fistheservicedown.com%2Fproblems%2Farvig&key=dlmlyLbMdQoleO6f3f4caA	0
USPS in Winchester, California down? Current outages and problems ‚Ä¢ Is The Service Down?	8148718633	https://disq.us/?url=https%3A%2F%2Fistheservicedown.com%2Fproblems%2Fusps%2F5409959-winchester-riverside-county-california-united-states&key=T9s0jARn2U5tw3QgpHwaJw	0
Consolidated Edison down? Current problems and outages	8153285167	https://disq.us/?url=https%3A%2F%2Fistheservicedown.com%2Fproblems%2Fconsolidated-edison&key=PHNDX1B7PyWNj2sUb4-4cg	0
PECO down? Current problems and outages	8155248640	https://disq.us/?url=https%3A%2F%2Fistheservicedown.com%2Fproblems%2Fpeco-energy&key=UiBMr6SXgtna6M-eWO3nEA	0
Arlo down? Current status and problems	8158040539	https://disq.us/?url=https%3A%2F%2Fistheservicedown.com%2Fproblems%2Farlo&key=CiiY4_h6dV9gHRGQFQndAQ	0
Ring down? Current status and problems	8158050465	https://disq.us/?url=https%3A%2F%2Fistheservicedown.com%2Fproblems%2Fring&key=RTqRH40ACG4_G9FVJJvOqw	0
USPS in Nashua, New Hampshire down? Current outages and problems ‚Ä¢ Is The Service Down?	8172929248	https://disq.us/?url=https%3A%2F%2Fistheservicedown.com%2Fproblems%2Fusps%2F5090046-nashua-hillsborough-county-new-hampshire-united-states&key=RQnFnOuhKzGpoJv89t1ytg	0
Fall Guys down? Current status, problems and outages	8187487801	https://disq.us/?url=https%3A%2F%2Fistheservicedown.com%2Fproblems%2Ffall-guys&key=lio_PHpw9kJA5YSScl6P8Q	0
Georgia Power down? Current problems and outages	8198384157	https://disq.us/?url=https%3A%2F%2Fistheservicedown.com%2Fproblems%2Fgeorgia-power&key=dTU6catMaNF81wT1l9OXIQ	0
Verizon Wireless Outage in Whitesboro, New York: Current Problems and Outages ‚Ä¢ Is The Service Down?	8230143825	https://disq.us/?url=https%3A%2F%2Fistheservicedown.com%2Fproblems%2Fverizon%2F5144396-whitesboro-oneida-county-new-york-united-states&key=nk6KArsZB21PVmF28gxbHQ	0
Entergy down? Current problems and outages	8233353680	https://disq.us/?url=https%3A%2F%2Fistheservicedown.com%2Fproblems%2Fentergy&key=-9zrp67emmb8VrnaOZhYpA	0
CenterPoint Energy down? Current problems and outages	8233353849	https://disq.us/?url=https%3A%2F%2Fistheservicedown.com%2Fproblems%2Fcenterpoint-energy&key=I3RdKepkd_BIUU3FdA55OA	0
Spectrum Outage Map ‚Ä¢ Is The Service Down?	8233737760	https://disq.us/?url=https%3A%2F%2Fistheservicedown.com%2Fproblems%2Fcharter-communications%2Fmap&key=4gBxkywyjjc9VAW9x7NKEQ	0
Oncor Outage: Current Problems and Outages	8235238032	https://disq.us/?url=https%3A%2F%2Fistheservicedown.com%2Fproblems%2Foncor&key=2hiMi82zqwg76kQmTKwCvQ	0
Fitbit down? Current status and problems	8261808882	https://disq.us/?url=https%3A%2F%2Fistheservicedown.com%2Fproblems%2Ffitbit&key=sOVX5x_MuqxWRoOsoiJgIA	0
